<?xml version="1.0" encoding="UTF-8" standalone="yes"?>
<addon id="plugin.program.StreetwiseUpdate" name="Streetwise Extra's" version="2.0" provider-name="Streetwise">
  <requires>
    <import addon="xbmc.python" version="2.1.0"/>
  </requires>
  <extension point="xbmc.python.pluginsource" library="default.py">
        <provides>executable</provides>
  </extension>
  <extension point="xbmc.addon.metadata">
    <summary lang="en">Streetwise Downloader</summary>
    <description lang="en">Update's Settings and More for Streetwise Builds</description>
    <platform>all</platform>
  </extension>
</addon>
